{"pdf_header.html":[],"index.html":[],"404.html":[],"p-cloud-cache/1-10/Spring-CQs.html":[],"p-cloud-cache/1-10/working-with-SI.html":[],"p-cloud-cache/1-10/set-quotas.html":[],"p-cloud-cache/1-10/SBapp1.html":[],"p-cloud-cache/1-10/release-notes.html":["Cloud Cache Engineers"],"p-cloud-cache/1-10/view-plans.html":[],"p-cloud-cache/1-10/memory-allocation.html":[],"p-cloud-cache/1-10/prepare-for-installation.html":[],"p-cloud-cache/1-10/use-sample-app.html":[],"p-cloud-cache/1-10/create-UAA-client.html":[],"p-cloud-cache/1-10/architecture.html":[],"p-cloud-cache/1-10/op-instance-sharing.html":[],"p-cloud-cache/1-10/inline-setup.html":[],"p-cloud-cache/1-10/uninstall.html":[],"p-cloud-cache/1-10/install-configure.html":[],"p-cloud-cache/1-10/on-demand-networking.html":[],"p-cloud-cache/1-10/monitoring.html":[],"p-cloud-cache/1-10/product-snapshot.html":[],"p-cloud-cache/1-10/spring-session.html":[],"p-cloud-cache/1-10/WAN-setup.html":[],"p-cloud-cache/1-10/update-instance.html":[],"p-cloud-cache/1-10/dev-instance-sharing.html":[],"p-cloud-cache/1-10/create-instance.html":[],"p-cloud-cache/1-10/WAN-bi-TLS-setup.html":[],"p-cloud-cache/1-10/design-patterns.html":[],"p-cloud-cache/1-10/rotating-ca.html":[],"p-cloud-cache/1-10/prepare-TLS.html":[],"p-cloud-cache/1-10/example-applications.html":[],"p-cloud-cache/1-10/WAN-uni-TLS-setup.html":[],"p-cloud-cache/1-10/Spring-SessionState.html":[],"p-cloud-cache/1-10/on-demand-services.html":[],"p-cloud-cache/1-10/usage.html":[],"p-cloud-cache/1-10/tls-enabled-app.html":[],"p-cloud-cache/1-10/update-plan.html":[],"p-cloud-cache/1-10/steps-to-run-app.html":[],"p-cloud-cache/1-10/WAN-addl-uni-TLS-setup.html":[],"p-cloud-cache/1-10/WAN-mutual-credentials.html":[],"p-cloud-cache/1-10/events.html":[],"p-cloud-cache/1-10/security.html":[],"p-cloud-cache/1-10/operator.html":[],"p-cloud-cache/1-10/using-pcc.html":[],"p-cloud-cache/1-10/app-development.html":[],"p-cloud-cache/1-10/troubleshooting.html":[],"p-cloud-cache/1-10/upgrade.html":[],"p-cloud-cache/1-10/WAN-bi-reconnect.html":[],"p-cloud-cache/1-10/WAN-addl-bi-TLS-setup.html":[],"p-cloud-cache/1-10/session-caching.html":[],"p-cloud-cache/1-10/UAA-config.html":[],"p-cloud-cache/1-10/region-design.html":[],"p-cloud-cache/1-10/backupandrestore.html":[],"p-cloud-cache/1-10/dev-upgrade.html":[],"p-cloud-cache/1-10/accessing-instance.html":[],"p-cloud-cache/1-10/index.html":["Cloud Cache Engineers"],"google2e308c3e1ceeadf1.html":[],"search.html":[],"style_guide/basic.html":[],"style_guide/index.html":[],"style_guide/basics.html":[],"style_guide/404.html":[],"style_guide/typography.html":[],"cf_style.html":[]}
