{"pdf_header.html":[],"index.html":[],"404.html":[],"p-cloud-cache/1-11/Spring-CQs.html":[],"p-cloud-cache/1-11/working-with-SI.html":[],"p-cloud-cache/1-11/set-quotas.html":[],"p-cloud-cache/1-11/SBapp1.html":[],"p-cloud-cache/1-11/release-notes.html":[],"p-cloud-cache/1-11/view-plans.html":[],"p-cloud-cache/1-11/memory-allocation.html":[],"p-cloud-cache/1-11/prepare-for-installation.html":[],"p-cloud-cache/1-11/use-sample-app.html":[],"p-cloud-cache/1-11/create-UAA-client.html":[],"p-cloud-cache/1-11/architecture.html":[],"p-cloud-cache/1-11/op-instance-sharing.html":[],"p-cloud-cache/1-11/inline-setup.html":[],"p-cloud-cache/1-11/uninstall.html":[],"p-cloud-cache/1-11/install-configure.html":[],"p-cloud-cache/1-11/on-demand-networking.html":[],"p-cloud-cache/1-11/monitoring.html":[],"p-cloud-cache/1-11/product-snapshot.html":[],"p-cloud-cache/1-11/spring-session.html":[],"p-cloud-cache/1-11/WAN-setup.html":[],"p-cloud-cache/1-11/update-instance.html":[],"p-cloud-cache/1-11/dev-instance-sharing.html":[],"p-cloud-cache/1-11/create-instance.html":[],"p-cloud-cache/1-11/WAN-bi-TLS-setup.html":[],"p-cloud-cache/1-11/design-patterns.html":[],"p-cloud-cache/1-11/rotating-ca.html":[],"p-cloud-cache/1-11/prepare-TLS.html":[],"p-cloud-cache/1-11/example-applications.html":[],"p-cloud-cache/1-11/WAN-uni-TLS-setup.html":[],"p-cloud-cache/1-11/Spring-SessionState.html":[],"p-cloud-cache/1-11/on-demand-services.html":[],"p-cloud-cache/1-11/usage.html":[],"p-cloud-cache/1-11/tls-enabled-app.html":[],"p-cloud-cache/1-11/update-plan.html":[],"p-cloud-cache/1-11/steps-to-run-app.html":[],"p-cloud-cache/1-11/WAN-addl-uni-TLS-setup.html":[],"p-cloud-cache/1-11/WAN-mutual-credentials.html":[],"p-cloud-cache/1-11/events.html":[],"p-cloud-cache/1-11/security.html":[],"p-cloud-cache/1-11/operator.html":[],"p-cloud-cache/1-11/using-pcc.html":[],"p-cloud-cache/1-11/app-development.html":[],"p-cloud-cache/1-11/troubleshooting.html":[],"p-cloud-cache/1-11/upgrade.html":[],"p-cloud-cache/1-11/WAN-bi-reconnect.html":[],"p-cloud-cache/1-11/WAN-addl-bi-TLS-setup.html":[],"p-cloud-cache/1-11/session-caching.html":[],"p-cloud-cache/1-11/UAA-config.html":[],"p-cloud-cache/1-11/region-design.html":[],"p-cloud-cache/1-11/backupandrestore.html":[],"p-cloud-cache/1-11/dev-upgrade.html":[],"p-cloud-cache/1-11/accessing-instance.html":[],"p-cloud-cache/1-11/index.html":["Cloud Cache Engineers"],"google2e308c3e1ceeadf1.html":[],"search.html":[],"style_guide/basic.html":[],"style_guide/index.html":[],"style_guide/basics.html":[],"style_guide/404.html":[],"style_guide/typography.html":[],"cf_style.html":[]}
