{"pdf_header.html":[],"index.html":[],"404.html":[],"p-cloud-cache/1-9/Spring-CQs.html":[],"p-cloud-cache/1-9/working-with-SI.html":[],"p-cloud-cache/1-9/set-quotas.html":[],"p-cloud-cache/1-9/SBapp1.html":[],"p-cloud-cache/1-9/release-notes.html":["Cloud Cache Engineers"],"p-cloud-cache/1-9/view-plans.html":[],"p-cloud-cache/1-9/memory-allocation.html":[],"p-cloud-cache/1-9/prepare-for-installation.html":[],"p-cloud-cache/1-9/use-sample-app.html":[],"p-cloud-cache/1-9/create-UAA-client.html":[],"p-cloud-cache/1-9/architecture.html":[],"p-cloud-cache/1-9/op-instance-sharing.html":[],"p-cloud-cache/1-9/inline-setup.html":[],"p-cloud-cache/1-9/uninstall.html":[],"p-cloud-cache/1-9/install-configure.html":[],"p-cloud-cache/1-9/on-demand-networking.html":[],"p-cloud-cache/1-9/monitoring.html":[],"p-cloud-cache/1-9/product-snapshot.html":[],"p-cloud-cache/1-9/WAN-setup.html":[],"p-cloud-cache/1-9/update-instance.html":[],"p-cloud-cache/1-9/dev-instance-sharing.html":[],"p-cloud-cache/1-9/create-instance.html":[],"p-cloud-cache/1-9/WAN-bi-TLS-setup.html":[],"p-cloud-cache/1-9/design-patterns.html":[],"p-cloud-cache/1-9/rotating-ca.html":[],"p-cloud-cache/1-9/prepare-TLS.html":[],"p-cloud-cache/1-9/example-applications.html":[],"p-cloud-cache/1-9/WAN-uni-TLS-setup.html":[],"p-cloud-cache/1-9/Spring-SessionState.html":[],"p-cloud-cache/1-9/on-demand-services.html":[],"p-cloud-cache/1-9/usage.html":[],"p-cloud-cache/1-9/tls-enabled-app.html":[],"p-cloud-cache/1-9/update-plan.html":[],"p-cloud-cache/1-9/steps-to-run-app.html":[],"p-cloud-cache/1-9/WAN-addl-uni-TLS-setup.html":[],"p-cloud-cache/1-9/WAN-mutual-credentials.html":[],"p-cloud-cache/1-9/events.html":[],"p-cloud-cache/1-9/security.html":[],"p-cloud-cache/1-9/operator.html":[],"p-cloud-cache/1-9/using-pcc.html":[],"p-cloud-cache/1-9/app-development.html":[],"p-cloud-cache/1-9/troubleshooting.html":[],"p-cloud-cache/1-9/upgrade.html":[],"p-cloud-cache/1-9/WAN-bi-reconnect.html":[],"p-cloud-cache/1-9/WAN-addl-bi-TLS-setup.html":[],"p-cloud-cache/1-9/session-caching.html":[],"p-cloud-cache/1-9/UAA-config.html":[],"p-cloud-cache/1-9/region-design.html":[],"p-cloud-cache/1-9/backupandrestore.html":[],"p-cloud-cache/1-9/dev-upgrade.html":[],"p-cloud-cache/1-9/accessing-instance.html":[],"p-cloud-cache/1-9/index.html":["Cloud Cache Engineers"],"google2e308c3e1ceeadf1.html":[],"search.html":[],"style_guide/basic.html":[],"style_guide/index.html":[],"style_guide/basics.html":[],"style_guide/404.html":[],"style_guide/typography.html":[],"cf_style.html":[]}
