{"pdf_header.html":[],"index.html":[],"404.html":[],"p-cloud-cache/1-12/Spring-CQs.html":[],"p-cloud-cache/1-12/working-with-SI.html":[],"p-cloud-cache/1-12/set-quotas.html":[],"p-cloud-cache/1-12/SBapp1.html":[],"p-cloud-cache/1-12/release-notes.html":[],"p-cloud-cache/1-12/view-plans.html":[],"p-cloud-cache/1-12/memory-allocation.html":[],"p-cloud-cache/1-12/prepare-for-installation.html":[],"p-cloud-cache/1-12/use-sample-app.html":[],"p-cloud-cache/1-12/create-UAA-client.html":[],"p-cloud-cache/1-12/architecture.html":[],"p-cloud-cache/1-12/op-instance-sharing.html":[],"p-cloud-cache/1-12/inline-setup.html":[],"p-cloud-cache/1-12/uninstall.html":[],"p-cloud-cache/1-12/install-configure.html":[],"p-cloud-cache/1-12/on-demand-networking.html":[],"p-cloud-cache/1-12/monitoring.html":[],"p-cloud-cache/1-12/product-snapshot.html":[],"p-cloud-cache/1-12/spring-session.html":[],"p-cloud-cache/1-12/WAN-setup.html":[],"p-cloud-cache/1-12/update-instance.html":[],"p-cloud-cache/1-12/dev-instance-sharing.html":[],"p-cloud-cache/1-12/create-instance.html":[],"p-cloud-cache/1-12/WAN-bi-TLS-setup.html":[],"p-cloud-cache/1-12/design-patterns.html":[],"p-cloud-cache/1-12/rotating-ca.html":[],"p-cloud-cache/1-12/prepare-TLS.html":[],"p-cloud-cache/1-12/example-applications.html":[],"p-cloud-cache/1-12/WAN-uni-TLS-setup.html":[],"p-cloud-cache/1-12/Spring-SessionState.html":[],"p-cloud-cache/1-12/on-demand-services.html":[],"p-cloud-cache/1-12/usage.html":[],"p-cloud-cache/1-12/tls-enabled-app.html":[],"p-cloud-cache/1-12/update-plan.html":[],"p-cloud-cache/1-12/steps-to-run-app.html":[],"p-cloud-cache/1-12/WAN-addl-uni-TLS-setup.html":[],"p-cloud-cache/1-12/WAN-mutual-credentials.html":[],"p-cloud-cache/1-12/events.html":[],"p-cloud-cache/1-12/security.html":[],"p-cloud-cache/1-12/operator.html":[],"p-cloud-cache/1-12/using-pcc.html":[],"p-cloud-cache/1-12/app-development.html":[],"p-cloud-cache/1-12/troubleshooting.html":[],"p-cloud-cache/1-12/upgrade.html":[],"p-cloud-cache/1-12/WAN-bi-reconnect.html":[],"p-cloud-cache/1-12/WAN-addl-bi-TLS-setup.html":[],"p-cloud-cache/1-12/session-caching.html":[],"p-cloud-cache/1-12/UAA-config.html":[],"p-cloud-cache/1-12/region-design.html":[],"p-cloud-cache/1-12/backupandrestore.html":[],"p-cloud-cache/1-12/dev-upgrade.html":[],"p-cloud-cache/1-12/accessing-instance.html":[],"p-cloud-cache/1-12/index.html":[],"google2e308c3e1ceeadf1.html":[],"search.html":[],"style_guide/basic.html":[],"style_guide/index.html":[],"style_guide/basics.html":[],"style_guide/404.html":[],"style_guide/typography.html":[],"cf_style.html":[]}
